epoch,step,val_loss
0,1,1.4806466102600098
1,3,1.457410216331482
2,5,1.4343725442886353
3,7,1.4115384817123413
4,9,1.3889143466949463
