epoch,step,val_loss
0,0,1.2295763492584229
1,1,1.218967080116272
